id_turma;num_reprovados;num_aprovados;media_aprovados;codigo_turma;id_docente_interno;id_docente_externo;id_componente_curricular;ano;periodoid_turma;num_reprovados;num_aprovados;media_aprovados;codigo_turma;id_docente_interno;id_docente_externo;id_componente_curricular;ano;periodo
1202583;1;2;6.25;1;5755051;;21771;2013;1
1201369;0;1;8.2;3;5752011;;24849;2013;1
1200667;0;1;9.3;3;22993;;25330;2013;1
1209524;0;4;8.05;1;5755887;;25518;2013;2
1209696;0;4;7.45;2;20811;;25518;2013;2
1209158;1;0;0.0;1;5755448;;25691;2013;2
1212208;1;1;5.0;4;18190;;25693;2013;2
1197237;0;1;8.1;1;22826;;27505;2013;1
1212317;1;0;0.0;1;5755344;;45140;2013;2
1208859;0;1;9.9;10;5755904;;46256;2013;2
1200640;0;1;7.4;01A;5753710;;46636;2013;1
1205198;1;0;0.0;10A;5755512;;48582;2013;1
1210140;1;0;9.9;07A;5753020;;48582;2013;2
1210142;1;0;7.4;08A;5755287;;48582;2013;2
1205830;0;1;7.4;2;5753386;;48652;2013;1
1198527;7;49;9.0;1;5755281;;52535;2013;1
1198530;12;38;9.1;2;5755281;;52535;2013;1
1198532;23;20;6.9;3;5755274;;52535;2013;1
1198533;10;38;6.15;4;5755274;;52535;2013;1
1201684;0;1;7.0;5;5755281;;52535;2013;1
1201080;2;0;6.9;1;5752467;;52537;2013;1
1201085;21;31;7.0;2;5752467;;52537;2013;1
1201086;18;12;5.45;3;2298976;;52537;2013;1
1210780;14;6;8.25;1;5755871;;52537;2013;2
1210785;5;9;9.1;2;5755871;;52537;2013;2
1210896;21;21;7.5;3;5752467;;52537;2013;2
1201088;13;12;7.85;03A;5755133;;52538;2013;1
1201090;6;21;8.0;04A;5755133;;52538;2013;1
1201092;12;8;5.8;05A;5755131;;52538;2013;1
1203381;4;6;7.1;07A;5755131;;52538;2013;1
1210788;6;7;7.2;01A;5755131;;52538;2013;2
1210795;3;4;7.3;02A;5755131;;52538;2013;2
1210799;10;8;8.45;03A;5755133;;52538;2013;2
1210802;0;2;7.55;04A;5755133;;52538;2013;2
1210904;11;8;5.3;05A;5755131;;52538;2013;2
1210906;8;6;8.7;06A;5755133;;52538;2013;2
1200751;27;24;7.8;1;5755285;;52651;2013;1
1200755;16;5;5.7;2;5755253;;52651;2013;1
1200759;20;14;5.95;3;5755253;;52651;2013;1
1200786;29;20;7.1;4;5755392;;52651;2013;1
1210362;16;13;7.3;1;5755281;;52651;2013;2
1211551;12;27;8.5;2;5755281;;52651;2013;2
1200752;14;10;7.05;1;5755285;;52652;2013;1
1200756;8;3;6.2;3;5755402;;52652;2013;1
1200757;11;2;6.85;4;5755402;;52652;2013;1
1200760;9;9;7.7;5;5755402;;52652;2013;1
1200762;10;6;7.65;6;5755402;;52652;2013;1
1200791;12;12;7.6;8;5755392;;52652;2013;1
1203383;10;17;7.9;11;5755285;;52652;2013;1
1203384;12;14;8.3;12;5755392;;52652;2013;1
1210358;15;12;7.45;1;5755253;;52652;2013;2
1210364;5;7;9.5;2;5755253;;52652;2013;2
1211554;4;17;8.1;3;5755253;;52652;2013;2
1211556;6;5;9.4;4;5755253;;52652;2013;2
1201095;15;10;6.85;1;5755225;;52653;2013;1
1201096;25;5;6.4;2;5755225;;52653;2013;1
1201097;60;28;6.1;3;5755226;;52653;2013;1
1201985;60;81;6.2;5;5755819;;52653;2013;1
1210338;13;4;5.5;1;5755388;;52653;2013;2
1210341;27;3;6.0;2;5755388;;52653;2013;2
1211561;11;3;5.8;3;5755225;;52653;2013;2
1211562;17;5;5.0;4;5755225;;52653;2013;2
1198499;30;27;6.0;1;5752289;;52656;2013;1
1198506;34;16;5.6;2;5752289;;52656;2013;1
1199665;29;9;8.8;5;5755141;;52656;2013;1
1199670;25;16;7.1;6;5755141;;52656;2013;1
1210347;13;2;7.05;1;5755872;;52656;2013;2
1211547;29;9;5.2;2;5755872;;52656;2013;2
1197615;9;49;7.2;1;5755235;;52657;2013;1
1197616;22;32;7.1;2;5755235;;52657;2013;1
1198464;6;44;6.7;5;5755247;;52657;2013;1
1198466;20;23;7.4;6;5755247;;52657;2013;1
1200764;2;1;5.2;7;5755247;;52657;2013;1
1211544;1;32;8.05;1;5755392;;52658;2013;2
1211545;0;4;7.65;2;5755051;;52658;2013;2
1211541;5;8;5.55;1;5755819;;52659;2013;2
1211543;24;10;7.1;2;24798;;52659;2013;2
1211539;3;11;7.0;1;5755141;;52662;2013;2
1211540;6;28;7.1;2;5755141;;52662;2013;2
1211570;3;33;7.1;1;5755402;;52778;2013;2
1211578;4;3;7.2;2;24949;;52778;2013;2
1210755;2;8;6.0;1;5755247;;52784;2013;2
1210758;12;32;6.85;2;5755939;;52784;2013;2
1210762;19;13;5.5;3;5755235;;52784;2013;2
1210775;10;32;5.65;4;5755235;;52784;2013;2
1211583;8;18;7.05;1;5755285;;52785;2013;2
1211586;7;6;7.1;2;5755285;;52785;2013;2
1215514;3;1;5.2;3;24949;;52785;2013;2
1213982;0;0;7.05;1;5753001;;54146;2013;2
1201391;0;1;7.0;2;5753650;;2041500;2013;1
1208453;0;2;7.75;6;5753651;;2051002;2013;2
1208457;0;2;6.95;10;5752962;;2051002;2013;2
1198566;0;1;8.0;3;5753066;;2051708;2013;1
1198568;0;1;7.2;5;5753066;;2051708;2013;1
1210203;0;1;7.6;2;5753651;;2051708;2013;2
1210204;2;0;8.0;3;5753066;;2051708;2013;2
1210205;2;1;7.8;4;5753651;;2051708;2013;2
1210206;0;0;7.6;5;5753066;;2051708;2013;2
1202589;0;1;7.8;1;5753044;;2054906;2013;1
1222506;6;20;6.75;1;5755408;;21790;2014;1
1217589;0;1;5.9;1;17391;;23538;2014;1
1217601;0;1;8.1;5;24812;;23538;2014;1
1217215;0;1;8.7;1;5755898;;23553;2014;1
1221197;1;0;0.0;6;5753865;;24535;2014;1
1224581;0;1;8.3;1;5752921;;24702;2014;1
1224510;0;1;6.6;2;5753587;;24863;2014;1
1223527;0;1;7.1;1;5755874;;25247;2014;1
1223544;1;0;0.0;5;5755874;;25247;2014;1
1223549;0;2;5.6;9;5756003;;25247;2014;1
1223747;1;0;0.0;3;60551;;25264;2014;1
1217212;1;0;0.0;2;5755887;;25518;2014;1
1217582;0;0;5.6;1;5752447;;25693;2014;1
1218036;0;2;7.55;1;3375074;;25702;2014;1
1217600;0;1;6.3;4;5751934;;25706;2014;1
1223523;0;1;8.5;1;5752241;;25764;2014;1
1224463;0;1;10.0;1;20894;;25993;2014;1
1223484;0;1;8.2;1;15553;;27750;2014;1
1222668;1;1;5.0;1;5755344;;45140;2014;1
1224300;0;1;8.2;17;5755924;;46256;2014;1
1220816;0;0;8.2;1;5752961;;47076;2014;1
1220150;2;0;5.0;07A;5753045;;48582;2014;1
1220162;0;4;7.8;09A;5756620;;48582;2014;1
1221869;0;2;8.0;1;127199;;51566;2014;1
1217933;10;5;5.6;1;24949;;52651;2014;1
1217934;23;8;7.3;2;5755402;;52651;2014;1
1217935;5;1;9.2;1;24949;;52652;2014;1
1217936;5;3;8.7;2;24949;;52652;2014;1
1217937;18;7;8.5;3;5755963;;52652;2014;1
1217938;6;3;8.8;4;5755963;;52652;2014;1
1217939;2;18;6.8;1;5755051;;52658;2014;1
1217940;1;15;7.3;2;5755871;;52658;2014;1
1217943;10;13;7.7;1;5755872;;52662;2014;1
1217944;9;3;5.6;2;5755872;;52662;2014;1
1217951;4;17;6.0;1;5755963;;52663;2014;1
1217954;4;14;6.3;1;24853;;52664;2014;1
1217955;3;7;5.4;2;5755141;;52664;2014;1
1217956;13;26;5.9;1;5755141;;52665;2014;1
1217957;11;16;5.6;2;5755141;;52665;2014;1
1217962;2;20;6.85;1;5755871;;52666;2014;1
1217969;5;18;5.6;1;5755274;;52699;2014;1
1217941;9;18;5.6;1;5755402;;52778;2014;1
1217942;26;15;5.3;2;5755108;;52778;2014;1
1217963;2;20;6.6;1;5756189;;52782;2014;1
1217964;6;60;6.35;2;5756189;;52782;2014;1
1217965;4;10;5.7;3;5756187;;52782;2014;1
1217966;12;26;6.6;4;5755274;;52782;2014;1
1217945;6;8;6.35;1;5756386;;52785;2014;1
1217946;9;3;5.0;2;5756386;;52785;2014;1
1217947;16;9;5.9;3;5755108;;52785;2014;1
1217948;10;11;6.1;4;5755108;;52785;2014;1
1217958;1;7;7.7;1;5754613;;52786;2014;1
1217959;0;8;8.55;2;5754613;;52786;2014;1
1217960;0;3;6.9;3;5754613;;52786;2014;1
1217961;0;4;7.15;4;5754613;;52786;2014;1
1217952;7;10;6.1;1;5755388;;52787;2014;1
1217953;3;3;5.8;2;23713;;52787;2014;1
1223941;1;0;7.15;1;5755867;;54596;2014;1
1217921;14;94;6.4;1;5755281;;55019;2014;1
1217922;12;100;7.45;2;5755939;;55019;2014;1
1217923;36;66;6.4;3;5755281;;55019;2014;1
1217924;16;76;7.35;4;5755939;;55019;2014;1
1217925;8;30;7.5;1;5755274;;55020;2014;1
1217926;14;78;7.2;2;5755274;;55020;2014;1
1217927;14;50;7.1;3;5755274;;55020;2014;1
1217928;22;56;6.65;4;5755274;;55020;2014;1
1217949;32;13;8.3;1;5755819;;55022;2014;1
1217950;38;15;6.1;2;5755388;;55022;2014;1
1217967;17;8;5.65;1;24798;;55025;2014;1
1217917;14;66;7.6;1;5756224;;55031;2014;1
1217918;28;78;6.7;2;5756188;;55031;2014;1
1217919;54;54;7.4;3;5756208;;55031;2014;1
1217920;46;56;6.25;4;5756213;;55031;2014;1
1217968;10;11;7.8;1;5755871;;55051;2014;1
1217929;12;104;8.7;1;5755939;;55082;2014;1
1217930;6;106;8.3;2;5755281;;55082;2014;1
1217931;24;88;8.45;3;5755939;;55082;2014;1
1217932;16;88;7.8;4;5755281;;55082;2014;1
1223924;3;0;8.45;2;5752257;;2020107;2014;1
1223534;3;6;7.35;1;5752481;;2022854;2014;1
1223535;1;2;7.3;1;5752467;;2022855;2014;1
1223536;3;3;7.0;2;5752467;;2022855;2014;1
1224454;0;2;7.0;2;22741;;2041500;2014;1
1220229;0;1;6.7;2;5753651;;2051002;2014;1
1220242;1;1;6.8;1;5755382;;2051003;2014;1
1220389;0;1;5.0;1;5752232;;2051700;2014;1
1220393;0;1;6.1;5;5756439;;2051700;2014;1
1220701;1;0;6.8;3;5753066;;2051708;2014;1
1223529;2;0;5.0;1;5753044;;2054906;2014;1
1224063;1;0;6.1;1;5755046;;2054913;2014;1
1243771;1;0;0.0;5;22936;;20033;2015;1
1242926;0;1;8.8;1;5752589;;20112;2015;1
57566793;0;2;7.9;1;5755388;;21764;2015;2
1241776;0;2;6.4;1;25868;;21783;2015;1
57566695;0;14;6.3;1;25868;;21783;2015;2
57566689;1;1;7.3;1;23713;;21785;2015;2
57566698;4;6;5.5;1;115827;;21790;2015;2
57567571;0;1;6.3;1;25868;;21795;2015;2
57563899;0;2;7.45;1;5752026;;23496;2015;2
1241472;3;6;9.3;1;5752447;;23538;2015;1
1241475;0;2;7.8;3;24812;;23538;2015;1
1241478;1;2;6.6;5;22798;;23538;2015;1
57563851;3;9;6.0;1;5756590;;23538;2015;2
57563853;0;1;8.9;3;5755031;;23538;2015;2
57563855;1;3;5.8;4;24812;;23538;2015;2
57563859;3;2;5.0;6;5756590;;23538;2015;2
1239898;0;1;8.6;1;5756072;;23553;2015;1
1239900;0;7;6.8;3;5752026;;23553;2015;1
1240143;0;1;8.1;4;5756072;;23553;2015;1
57563901;0;1;7.2;2;5757198;;23553;2015;2
57563902;0;2;8.0;3;5756697;;23553;2015;2
57563903;0;3;6.8;4;5756697;;23553;2015;2
57563873;0;4;5.5;1;5751826;;23557;2015;2
57563874;1;0;0.0;2;5755581;;23557;2015;2
1241767;0;7;5.7;1;5756592;;23558;2015;1
57563821;0;2;9.35;1;5755581;;23591;2015;2
57559729;0;1;10.0;1;21706;;23972;2015;1
57567209;0;1;9.2;1;5757581;;23973;2015;2
1244246;0;1;6.8;8;5757426;;24535;2015;1
57563900;2;0;0.0;2;22798;;24535;2015;2
57564092;1;0;0.0;5;15545;;24564;2015;2
57568080;0;1;8.5;1;5757595;;24583;2015;2
57568090;0;1;8.0;1;5757596;;24623;2015;2
57568597;0;0;0.0;1;5756584;;24698;2015;2
1241395;0;0;0.0;1;22798;;24744;2015;1
57567118;0;1;10.0;1;5751833;;24814;2015;2
1241922;0;1;7.3;1;5756368;;25042;2015;1
1241940;1;0;0.0;1;18306;;25046;2015;1
57563953;1;0;0.0;1;5756277;;25197;2015;2
57566676;0;4;9.1;2;5757682;;25248;2015;2
57567914;1;0;0.0;2;5757598;;25265;2015;2
57566747;1;0;0.0;1;5753090;;25304;2015;2
1242095;0;1;7.9;1;19250;;25319;2015;1
1241392;0;1;5.2;3;20811;;25518;2015;1
1240080;0;2;7.25;1;17917;;25561;2015;1
57568481;0;1;5.8;1;18485;;25691;2015;2
1241766;3;11;8.2;1;5752241;;25764;2015;1
1240394;2;0;0.0;1;5751854;;25792;2015;1
57563074;0;1;9.0;2;5756368;;26687;2015;2
1243242;0;1;7.7;8;17227;;26688;2015;1
57563080;0;1;8.2;4;21718;;26688;2015;2
57568285;0;1;7.3;6;17227;;26688;2015;2
57568287;0;1;10.0;7;17227;;26688;2015;2
1242830;0;1;9.9;1;24855;;26797;2015;1
1242639;2;5;6.2;1;115827;;26915;2015;1
1241759;0;2;5.55;1;5755047;;26920;2015;1
57566667;1;0;9.9;1;5755051;;26921;2015;2
57566672;1;0;6.2;1;5752481;;26922;2015;2
1241763;0;6;8.3;1;5755388;;26924;2015;1
1240725;0;1;7.8;1;5754333;;27733;2015;1
57559428;0;1;8.5;3;5754333;;27733;2015;1
57565762;0;0;8.3;2;23837;;28206;2015;2
1242889;0;2;9.0;1;5756430;;42047;2015;1
1242892;1;0;8.5;1;5756430;;42052;2015;1
57563863;0;1;10.0;4;5756895;;42066;2015;2
1244216;2;15;6.2;1;5751828;;42158;2015;1
1244217;2;15;6.2;1;5751828;;42159;2015;1
57562647;1;0;0.0;1;5757580;;43372;2015;2
57568245;0;1;5.0;1;5753011;;43515;2015;2
57565936;1;0;0.0;1;5755344;;45140;2015;2
1241386;0;1;6.9;6;5757397;;46256;2015;1
1241401;0;1;9.7;8;5757397;;46256;2015;1
57566436;0;1;8.3;12;5757644;;46256;2015;2
57569178;0;1;9.7;17;5757676;;46256;2015;2
57565371;1;0;9.7;1;5757150;;46665;2015;2
57567456;1;0;8.3;1;5752286;;46677;2015;2
1243753;0;1;8.5;1;5752965;;46688;2015;1
57564879;0;2;6.75;1;5754955;;51457;2015;2
1239568;6;40;9.1;1;5757127;;52537;2015;1
1239570;6;23;9.0;01A;5757127;;52538;2015;1
1239572;4;17;9.0;02A;5757127;;52538;2015;1
1239405;30;18;6.3;1;5755402;;52651;2015;1
1239406;24;29;8.4;2;5756955;;52651;2015;1
57564806;21;19;7.5;1;24949;;52651;2015;2
57564810;22;29;7.1;2;5757583;;52651;2015;2
57564811;26;29;7.8;3;5756955;;52651;2015;2
57564815;16;8;9.15;4;5757127;;52651;2015;2
1239516;10;18;7.5;1;5756955;;52652;2015;1
1239519;18;4;6.1;2;5755963;;52652;2015;1
1239521;11;17;8.2;3;5756850;;52652;2015;1
1239522;9;9;7.0;4;5756816;;52652;2015;1
57564818;9;21;7.5;1;5755047;;52652;2015;2
57564821;11;6;6.9;2;5755047;;52652;2015;2
57564823;13;14;8.1;3;24949;;52652;2015;2
57564833;9;5;9.2;4;24949;;52652;2015;2
57564836;11;9;7.5;5;5757421;;52652;2015;2
57564837;10;11;7.1;6;5757421;;52652;2015;2
57564838;7;2;8.05;7;5756816;;52652;2015;2
57564840;10;17;8.1;8;5756955;;52652;2015;2
1239567;4;7;8.0;1;5755051;;52658;2015;1
57564842;12;19;6.7;1;5756802;;52658;2015;2
1239414;26;84;7.0;1;5756213;;52662;2015;1
1239415;19;7;5.8;2;5755872;;52662;2015;1
57564843;33;10;6.25;1;5756813;;52662;2015;2
57564844;68;46;6.4;2;5757540;;52662;2015;2
57564846;20;9;5.7;3;5755872;;52662;2015;2
57564847;15;7;7.2;4;5757540;;52662;2015;2
1239412;7;18;5.9;1;24853;;52664;2015;1
1239413;4;12;7.0;2;5756813;;52664;2015;1
57564845;14;12;5.8;1;24853;;52664;2015;2
57572443;0;1;9.0;IND;5756813;;52664;2015;2
1239416;39;11;7.3;1;5755872;;52665;2015;1
1239417;18;8;7.55;2;5755872;;52665;2015;1
57564867;11;52;6.7;1;5756968;;52665;2015;2
57564868;27;18;7.6;2;5755872;;52665;2015;2
57564869;39;10;6.25;3;5755872;;52665;2015;2
57565062;0;12;7.4;1;5752589;;52681;2015;2
57564816;0;0;0.0;1;5757438;;52682;2015;2
57572025;1;6;8.2;2;5757438;;52682;2015;2
57559728;2;8;7.15;1;5754613;;52683;2015;1
57564813;3;11;6.5;1;5754613;;52683;2015;2
1239563;6;34;6.4;1;5752589;;52685;2015;1
57565140;0;12;8.6;1;5757088;;52690;2015;2
57565145;3;7;6.4;1;5755274;;52691;2015;2
1239565;1;5;7.4;1;5757042;;52692;2015;1
57564877;0;2;9.4;1;5755281;;52694;2015;2
57565146;3;4;7.7;1;5755274;;52697;2015;2
1244256;0;7;9.2;1;5757088;;52702;2015;1
57564876;6;12;8.5;1;5757088;;52702;2015;2
57559744;0;8;8.6;2;5757090;;52789;2015;1
57564820;2;17;7.5;1;5757486;;52789;2015;2
1239559;3;20;7.0;1;5755402;;52790;2015;1
57564825;0;10;6.8;1;5755402;;52790;2015;2
57565061;0;9;7.7;1;5755108;;52791;2015;2
57565060;0;6;9.0;1;5755402;;52792;2015;2
57559732;1;9;8.7;1;5757090;;52794;2015;1
57572026;0;3;9.0;1;5757090;;52795;2015;2
1242645;0;1;5.1;1;25868;;52813;2015;1
57568648;0;1;10.0;1;5756069;;52861;2015;2
57568649;0;1;10.0;2;5756069;;52861;2015;2
57566733;9;12;7.3;1;5755388;;52866;2015;2
1242644;1;26;7.25;1;22764;;52867;2015;1
57567587;4;9;6.3;1;5751871;;52870;2015;2
57566734;2;12;6.85;1;64472;;52972;2015;2
1242646;0;7;7.8;1;23713;;52973;2015;1
1242647;0;12;6.6;1;26044;;52974;2015;1
57567588;0;14;7.4;1;64472;;52975;2015;2
1239391;1;49;8.9;1;5757409;;55019;2015;1
1239392;6;44;8.1;2;5757409;;55019;2015;1
1239393;7;43;8.0;3;5757409;;55019;2015;1
1239394;9;36;8.6;4;5757409;;55019;2015;1
57565207;4;59;7.0;1;5757409;;55019;2015;2
57565216;1;5;6.5;2;5757409;;55019;2015;2
57565217;1;12;7.35;3;5757409;;55019;2015;2
1239395;1;24;7.5;1;5757075;;55020;2015;1
1239396;9;37;6.8;2;5757075;;55020;2015;1
1239397;8;22;8.1;3;5757075;;55020;2015;1
1239398;12;26;6.8;4;5757075;;55020;2015;1
57565211;2;43;7.6;1;5757075;;55020;2015;2
57565220;7;11;8.1;2;5757075;;55020;2015;2
57564850;3;56;6.7;1;5755939;;55021;2015;2
57564851;9;30;6.35;2;5755939;;55021;2015;2
57564854;17;44;6.85;3;5755939;;55021;2015;2
1239527;39;18;5.7;1;5755819;;55022;2015;1
1239528;14;3;5.1;2;5755388;;55022;2015;1
1239529;30;18;6.3;3;5757178;;55022;2015;1
1239530;8;3;5.7;4;5757178;;55022;2015;1
57564856;31;30;6.8;1;5755819;;55022;2015;2
57564857;40;21;6.6;2;5755388;;55022;2015;2
57564859;28;23;6.4;3;5757178;;55022;2015;2
57564861;27;18;6.05;4;5757178;;55022;2015;2
1239407;15;9;7.0;1;62353;;55023;2015;1
1239408;8;13;7.6;2;24949;;55023;2015;1
1239409;17;29;7.2;3;5757071;;55023;2015;1
57564863;33;19;7.3;1;62353;;55023;2015;2
57564865;29;23;6.1;2;5757620;;55023;2015;2
1239410;9;15;6.7;1;62353;;55024;2015;1
1239411;8;9;9.3;2;24949;;55024;2015;1
1239532;1;7;7.1;3;5757141;;55024;2015;1
1239535;16;4;6.6;5;5756816;;55024;2015;1
1239536;5;24;6.85;6;5756850;;55024;2015;1
57564860;20;16;7.75;1;62353;;55024;2015;2
57564862;19;17;6.7;2;5756850;;55024;2015;2
57564864;14;14;5.75;3;5757620;;55024;2015;2
57571383;8;4;7.2;4;5756386;;55024;2015;2
1239537;14;23;5.8;1;25889;;55025;2015;1
1239541;16;18;5.8;2;24798;;55025;2015;1
57564855;19;5;6.2;1;24798;;55025;2015;2
57564858;33;15;6.2;2;25889;;55025;2015;2
1239418;10;19;6.4;1;5756412;;55026;2015;1
1239419;2;19;6.6;2;5757071;;55026;2015;1
57564852;9;24;6.15;1;5756412;;55026;2015;2
57564853;10;31;7.3;2;5757071;;55026;2015;2
1239420;5;21;7.8;1;5755108;;55027;2015;1
1239422;5;6;7.5;3;5755108;;55027;2015;1
57564848;14;58;7.3;1;5757438;;55027;2015;2
57564849;7;22;6.4;2;5754613;;55027;2015;2
1239552;3;14;6.35;1;5755963;;55028;2015;1
57564872;4;14;5.95;1;5755963;;55028;2015;2
1239543;9;15;7.6;1;5756802;;55029;2015;1
1239545;12;7;7.7;2;5756806;;55029;2015;1
1239548;1;13;7.6;1;5755871;;55030;2015;1
1239550;1;10;6.4;2;5755871;;55030;2015;1
57564870;7;6;8.1;1;5756806;;55030;2015;2
57564871;2;8;8.8;2;5757127;;55030;2015;2
1239374;6;68;7.15;1;5756224;;55031;2015;1
1239381;16;82;6.1;2;5756386;;55031;2015;1
1239386;20;56;7.15;3;5756813;;55031;2015;1
1239388;22;72;6.75;4;25889;;55031;2015;1
57565214;6;120;6.7;1;5756968;;55031;2015;2
57565222;2;8;5.3;2;5755819;;55031;2015;2
57565224;28;26;6.2;3;5757669;;55031;2015;2
1239555;2;2;7.05;1;5756799;;55036;2015;1
57564839;5;11;7.9;1;5757619;;55037;2015;2
1239556;0;8;6.6;1;5756871;;55038;2015;1
57564841;0;3;8.6;1;5757619;;55038;2015;2
1239557;0;5;8.3;1;5757127;;55039;2015;1
57564875;0;4;6.75;1;5756799;;55040;2015;2
57565057;6;3;5.8;1;5756871;;55041;2015;2
57565059;0;5;10.0;1;5755871;;55042;2015;2
1239558;0;9;9.3;1;5756799;;55043;2015;1
57565058;0;4;6.9;1;5756799;;55044;2015;2
57565086;4;8;5.75;1;5757042;;55055;2015;2
1244257;1;5;8.9;1;5757088;;55056;2015;1
57565081;4;11;7.2;1;5756386;;55060;2015;2
57570318;0;4;8.0;1;5757583;;55074;2015;2
1239523;4;44;8.5;5;5755281;;55082;2015;1
1239524;1;51;9.0;6;5755281;;55082;2015;1
1239525;9;45;7.7;7;5757042;;55082;2015;1
1239526;9;46;7.85;8;5757042;;55082;2015;1
57565215;5;60;5.9;1;5757042;;55082;2015;2
57565226;4;15;7.0;2;5757042;;55082;2015;2
1239561;4;8;6.1;1;5755274;;55083;2015;1
1239566;0;8;8.05;2;5755281;;55084;2015;1
57564873;1;2;9.1;1;5755281;;55084;2015;2
57564835;1;6;8.05;1;5756799;;55094;2015;2
57563844;1;22;7.15;1;5752629;;55325;2015;2
57567573;2;14;5.5;1;5756592;;55369;2015;2
57568798;22;8;6.05;2;5756592;;55369;2015;2
57564866;6;25;7.0;1;5757075;;56269;2015;2
57568485;2;0;6.05;1;26132;;57487;2015;2
57572036;1;1;6.2;6;5756876;;57591;2015;2
57566670;0;1;10.0;02B;5757492;;57597;2015;2
1242743;1;1;6.1;1;5752232;;57603;2015;1
1242756;0;1;8.5;4;5752962;;57603;2015;1
1239874;4;24;8.65;1;26073;;57806;2015;1
1239554;0;6;5.4;1;5756386;;57807;2015;1
57568129;0;16;8.6;1;5755939;;59732;2015;2
57568130;2;14;7.75;1;5757071;;59733;2015;2
57568131;5;6;7.8;1;5755963;;59734;2015;2
57559180;0;1;9.0;8;5754083;;2021150;2015;1
1241817;0;2;6.0;1;24949;;2040703;2015;1
1242759;1;0;9.0;1;22739;;2041501;2015;1
1242877;0;1;9.3;2;21450;;2041507;2015;1
57564073;4;2;9.25;1;21450;;2041507;2015;2
57564076;0;2;8.0;2;21450;;2041507;2015;2
57568707;0;1;7.7;3;5755563;;2049416;2015;2
1245118;1;0;9.25;2;23149;;2049752;2015;1
1244162;0;1;9.2;2;5756453;;2050501;2015;1
57565773;0;1;5.6;2;5753081;;2051005;2015;2
57565775;1;0;9.25;4;5754327;;2051005;2015;2
57565777;1;1;7.6;6;5753081;;2051005;2015;2
1242605;1;0;5.6;3;5754568;;2051702;2015;1
1242610;0;1;7.3;2;5753651;;2051708;2015;1
1242612;0;1;8.3;4;5753651;;2051708;2015;1
1243335;0;1;10.0;1;5754369;;2051753;2015;1
57567565;1;17;6.6;1;5755108;;2054904;2015;2
57566705;0;11;6.1;1;5751828;;2054905;2015;2
1241872;3;14;6.35;1;5754320;;2054906;2015;1
57566703;1;14;6.65;1;5754320;;2054906;2015;2
1242640;1;24;7.6;2;5751871;;2054910;2015;1
57566710;0;19;8.0;1;5752241;;2054911;2015;2
57566712;2;25;7.8;1;22764;;2054912;2015;2
1241874;3;8;7.15;1;5755046;;2054913;2015;1
1241875;1;1;8.1;1;26012;;2054914;2015;1
1241876;0;5;8.6;1;5752649;;2054915;2015;1
57566818;0;2;5.6;1;22764;;2054917;2015;2
57566722;1;1;7.3;1;5755046;;2054918;2015;2
1241877;1;2;5.9;1;5751828;;2054919;2015;1
1242641;4;0;5.6;1;26012;;2054922;2015;1
1242642;0;1;5.0;1;22764;;2054924;2015;1
57566719;2;16;7.9;1;5753616;;2054927;2015;2
1242648;0;3;7.2;1;22933;;2054928;2015;1
57566724;2;7;8.0;1;5755046;;2054932;2015;2
57566729;0;14;7.7;1;26012;;2054950;2015;2
57566730;0;4;7.7;1;23809;;2054951;2015;2
1242643;0;0;8.0;1;5755046;;2054952;2015;1
1241871;8;0;7.7;1;5754613;;2054957;2015;1
57584310;0;1;7.9;1;5757853;;20112;2016;2
57575209;0;0;8.0;1;5756592;;21705;2016;1
57575916;0;2;9.6;1;26044;;21759;2016;1
57586690;0;18;6.8;1;5756271;;21764;2016;2
57586693;9;19;8.4;1;5752481;;21771;2016;2
57586697;5;11;7.5;1;25868;;21783;2016;2
57586689;2;8;7.5;1;5756412;;21785;2016;2
57575227;0;1;7.0;1;5757768;;21787;2016;1
57586702;1;10;7.35;1;5755408;;21790;2016;2
57575208;0;2;7.3;1;5755051;;21791;2016;1
57574450;0;2;7.5;2;5755031;;23538;2016;1
57574452;3;2;8.2;3;24812;;23538;2016;1
57574460;1;1;6.7;5;20848;;23538;2016;1
57574462;0;1;9.4;6;5753902;;23538;2016;1
57585035;3;33;7.6;1;26132;;23538;2016;2
57585037;0;1;7.4;3;5755031;;23538;2016;2
57585039;1;1;6.5;4;24812;;23538;2016;2
57585040;1;3;6.5;5;5756590;;23538;2016;2
57585042;0;1;6.2;6;5755031;;23538;2016;2
57573675;2;18;7.7;1;5758347;;23553;2016;1
57573676;0;2;9.1;2;5757872;;23553;2016;1
57573678;1;1;7.6;3;5752026;;23553;2016;1
57584808;1;4;6.0;1;5752026;;23553;2016;2
57584810;2;6;9.6;3;5758575;;23553;2016;2
57584812;1;0;0.0;5;22825;;23553;2016;2
57584813;0;2;7.9;6;18388;;23553;2016;2
57574468;0;1;8.7;1;26132;;23557;2016;1
57575206;1;21;6.0;1;18154;;23558;2016;1
57585059;0;1;8.7;1;5758686;;23573;2016;2
57574539;0;2;7.85;1;5757426;;23583;2016;1
57586348;0;0;0.0;1;18190;;23583;2016;2
57585552;0;1;8.8;1;5757596;;24623;2016;2
57576012;0;1;7.6;1;21707;;24700;2016;1
57589367;0;1;8.7;2;5758242;;24800;2016;2
57589360;0;1;9.4;1;5757824;;24803;2016;2
57589350;0;2;6.7;1;5758387;;24819;2016;2
57577780;1;0;0.0;2;5757990;;24851;2016;1
57579264;0;1;6.3;2;5754622;;24877;2016;1
57585737;2;0;0.0;1;5757272;;24957;2016;2
57576367;1;0;0.0;1;5757942;;25037;2016;1
57583776;0;1;6.7;1;5758560;;25047;2016;2
57576101;1;0;0.0;1;5752300;;25070;2016;1
57587554;0;1;5.0;1;17675;;25086;2016;2
57575903;0;1;7.1;1;5756803;;25247;2016;1
57586984;0;1;9.3;4;5756803;;25247;2016;2
57575937;0;1;9.0;2;5757682;;25248;2016;1
57573666;0;2;5.1;2;20811;;25518;2016;1
57588208;0;1;7.8;3;18766;;25561;2016;2
57574327;0;2;7.0;1;32879;;25656;2016;1
57575197;0;1;7.5;4;5757205;;25658;2016;1
57575205;1;4;7.8;1;5752241;;25764;2016;1
57574036;0;0;7.0;2;5757232;;26279;2016;1
57589434;0;1;9.5;1;5752204;;26408;2016;2
57583782;0;2;8.6;1;20790;;26688;2016;2
57586758;1;0;7.0;1;5752467;;26916;2016;2
57575203;3;0;9.5;1;35188;;26918;2016;1
57586679;0;6;7.4;1;5756592;;26923;2016;2
57587232;0;1;5.9;2;26176;;26954;2016;2
57576190;1;0;9.5;2;5754333;;27733;2016;1
57585846;1;0;7.4;1;5753848;;40123;2016;2
57578969;1;0;5.9;1;5757430;;40125;2016;1
57585847;1;0;9.5;1;5753848;;40125;2016;2
57586706;0;4;6.45;1;5754320;;40134;2016;2
57586083;1;0;5.9;1;23159;;40143;2016;2
57586088;1;0;9.5;1;26605;;40147;2016;2
57585413;0;1;7.8;2;5753766;;41854;2016;2
57574802;0;1;8.1;2;5757966;;42066;2016;1
57575628;0;1;8.2;4;5757966;;42066;2016;1
57585807;0;1;8.3;2;19052;;42066;2016;2
57575269;8;19;6.6;1;5751828;;42158;2016;1
57575273;8;19;6.6;1;5751828;;42159;2016;1
57579311;1;0;8.3;1;5755344;;45140;2016;1
57574273;0;1;6.3;01A;25126;;45259;2016;1
57585383;0;1;9.2;2;5757394;;46345;2016;2
57579007;1;2;8.25;02B;5753710;;46636;2016;1
57579997;0;1;7.2;01C;5757997;;46636;2016;1
57573944;3;16;7.05;1;5754955;;51457;2016;1
57588812;4;5;6.1;1;5754955;;51457;2016;2
57576523;11;20;7.7;1;5752481;;52537;2016;1
57579434;12;19;9.3;02A;5752481;;52538;2016;1
57576528;27;14;6.15;1;5755402;;52651;2016;1
57576529;37;22;6.85;2;5757620;;52651;2016;1
57576530;27;23;5.8;3;5757969;;52651;2016;1
57586247;10;20;8.05;1;5758591;;52651;2016;2
57586250;11;11;6.8;2;24949;;52651;2016;2
57586253;8;11;9.2;3;5756850;;52651;2016;2
57586254;22;15;7.3;4;5757620;;52651;2016;2
57586256;17;29;7.8;5;5755281;;52651;2016;2
57586258;5;5;6.2;6;5757583;;52651;2016;2
57576531;22;6;6.0;1;24949;;52652;2016;1
57576533;17;9;6.7;2;24949;;52652;2016;1
57576534;18;14;6.15;3;5756816;;52652;2016;1
57576535;16;11;5.2;4;5756955;;52652;2016;1
57576536;11;4;6.8;5;5756816;;52652;2016;1
57576539;11;9;5.5;6;5756955;;52652;2016;1
57586259;13;25;8.8;1;24949;;52652;2016;2
57586260;4;4;5.4;2;5757486;;52652;2016;2
57586277;9;11;7.0;3;24949;;52652;2016;2
57586278;22;7;7.4;4;5757583;;52652;2016;2
57586279;12;11;8.0;5;5757486;;52652;2016;2
57586281;2;0;7.0;7;5757969;;52652;2016;2
57586282;13;14;6.3;8;5756816;;52652;2016;2
57586284;2;6;6.85;9;5757969;;52652;2016;2
57586285;8;4;7.75;10;5756816;;52652;2016;2
57576589;78;12;5.75;1;5757928;;52662;2016;1
57576590;49;9;6.0;2;5757540;;52662;2016;1
57576591;28;11;5.2;3;5756813;;52662;2016;1
57586286;26;22;5.7;1;5756813;;52662;2016;2
57586287;25;11;5.3;2;5757669;;52662;2016;2
57586288;14;6;5.45;3;5757669;;52662;2016;2
57586290;28;32;7.8;4;5757540;;52662;2016;2
57576731;31;28;6.1;1;24853;;52664;2016;1
57576732;2;14;5.8;2;5756813;;52664;2016;1
57586394;8;6;5.15;1;24853;;52664;2016;2
57586395;3;33;6.3;2;5756813;;52664;2016;2
57576733;31;15;7.2;1;5755872;;52665;2016;1
57576734;39;12;6.05;2;5755872;;52665;2016;1
57576735;39;20;6.7;3;5755872;;52665;2016;1
57586321;7;0;7.2;1;5755872;;52665;2016;2
57586324;11;9;6.8;2;5757540;;52665;2016;2
57586328;13;24;8.1;3;5755872;;52665;2016;2
57586333;37;17;5.9;4;5755872;;52665;2016;2
57586338;28;9;6.6;5;5757540;;52665;2016;2
57586844;5;22;9.3;1;5755871;;52666;2016;2
57586846;1;9;8.6;2;5755871;;52666;2016;2
57576769;0;3;6.2;1;5757619;;52672;2016;1
57580890;0;1;9.7;2;5756871;;52673;2016;1
57586834;2;0;8.6;1;5757618;;52673;2016;2
57587403;4;15;7.5;1;5756342;;52681;2016;2
57587395;2;2;5.9;1;5757438;;52682;2016;2
57587401;0;14;7.1;1;5757969;;52683;2016;2
57576763;1;1;7.7;1;5757883;;52684;2016;1
57576762;4;36;7.0;1;5756342;;52685;2016;1
57576781;6;24;6.5;1;5757969;;52686;2016;1
57576782;2;8;7.65;1;5756342;;52687;2016;1
57587409;9;14;6.25;1;5757620;;52690;2016;2
57576785;11;18;6.35;1;5757042;;52692;2016;1
57576789;5;8;7.15;1;5755274;;52693;2016;1
57576786;5;20;7.95;1;5758023;;52694;2016;1
57587415;4;11;6.7;1;5755274;;52697;2016;2
57576787;8;14;6.7;1;5755274;;52699;2016;1
57587434;21;30;7.8;1;5756342;;52700;2016;2
57590057;5;10;6.5;1;5757883;;52788;2016;2
57587385;9;31;8.0;1;5757486;;52789;2016;2
57587373;1;19;8.1;1;26012;;52790;2016;2
57587381;0;9;6.1;2;5755402;;52790;2016;2
57576765;2;13;8.0;1;5757090;;52791;2016;1
57576760;2;3;8.2;1;5755402;;52792;2016;1
57581747;0;4;10.0;IND;5755402;;52793;2016;1
57587432;5;28;7.3;1;5757975;;52793;2016;2
57587406;4;6;8.25;1;5757975;;52795;2016;2
57576784;0;2;9.05;1;5757975;;52796;2016;1
57575280;6;6;6.75;1;25868;;52813;2016;1
57575284;9;28;5.8;1;23713;;52866;2016;1
57589297;23;11;6.6;2;5755388;;52866;2016;2
57575277;2;34;7.25;1;22764;;52867;2016;1
57586669;7;31;7.9;1;5758443;;52870;2016;2
57586764;5;26;7.45;1;5751871;;52971;2016;2
57575289;4;12;6.1;1;64472;;52972;2016;1
57579583;0;8;8.8;1;5755388;;52973;2016;1
57586724;3;4;6.9;1;23713;;52973;2016;2
57586740;4;19;7.0;1;26044;;52974;2016;2
57586744;2;22;8.1;1;5757768;;52975;2016;2
57575296;0;4;7.75;1;35188;;52990;2016;1
57590417;0;1;10.0;2;5753009;;53078;2016;2
57588813;1;0;8.1;1;5751991;;54162;2016;2
57576540;5;46;7.85;1;5757409;;55019;2016;1
57576543;11;48;7.2;2;5755939;;55019;2016;1
57576544;6;40;7.5;3;5757409;;55019;2016;1
57576545;6;45;7.5;4;5757409;;55019;2016;1
57576548;15;38;6.95;5;5757409;;55019;2016;1
57586217;7;26;7.2;1;5755939;;55019;2016;2
57576550;11;34;7.15;1;5757075;;55020;2016;1
57576551;6;35;7.7;2;5757075;;55020;2016;1
57576553;9;35;6.6;3;5757075;;55020;2016;1
57576554;5;22;7.35;4;5757075;;55020;2016;1
57579395;15;27;7.3;6;5757075;;55020;2016;1
57586228;7;21;6.8;1;5757075;;55020;2016;2
57576592;8;28;6.5;1;5755939;;55021;2016;1
57576593;12;43;6.6;2;5755939;;55021;2016;1
57576594;7;29;6.2;3;5755939;;55021;2016;1
57586293;14;118;6.3;1;5755939;;55021;2016;2
57586295;16;50;6.1;2;5755939;;55021;2016;2
57586296;9;19;6.4;3;5755939;;55021;2016;2
57586297;11;30;6.15;4;5755939;;55021;2016;2
57576595;48;6;7.25;1;5755388;;55022;2016;1
57576596;60;5;6.3;2;5757958;;55022;2016;1
57576597;38;19;6.1;3;5757178;;55022;2016;1
57586303;25;18;5.6;1;5757928;;55022;2016;2
57586312;29;13;5.6;2;5755388;;55022;2016;2
57586314;32;8;5.45;3;5757928;;55022;2016;2
57586317;37;8;5.5;4;5757958;;55022;2016;2
57586319;11;3;6.2;5;5757958;;55022;2016;2
57576725;15;21;6.8;1;62353;;55023;2016;1
57576726;15;22;6.4;2;5757905;;55023;2016;1
57576727;22;21;6.4;3;5757883;;55023;2016;1
57586177;19;5;5.1;1;62353;;55023;2016;2
57586351;17;35;6.3;2;5757975;;55023;2016;2
57586359;36;36;6.7;3;5757071;;55023;2016;2
57586361;16;9;5.7;4;5757883;;55023;2016;2
57576728;14;23;7.0;1;62353;;55024;2016;1
57576729;21;14;5.75;2;5757583;;55024;2016;1
57576730;23;19;6.1;3;5757844;;55024;2016;1
57586198;22;3;7.0;1;62353;;55024;2016;2
57586362;9;9;5.7;2;5756386;;55024;2016;2
57586366;21;8;5.65;3;25868;;55024;2016;2
57586369;10;4;5.2;4;5758443;;55024;2016;2
57586373;15;12;7.8;5;5757905;;55024;2016;2
57586392;5;0;5.65;6;5758591;;55024;2016;2
57586393;21;11;5.5;7;5757844;;55024;2016;2
57576738;28;11;6.9;2;5757768;;55025;2016;1
57579587;19;11;7.1;3;24798;;55025;2016;1
57579588;30;5;6.0;4;5757958;;55025;2016;1
57586396;52;12;5.95;1;5757768;;55025;2016;2
57586397;46;15;5.8;2;25889;;55025;2016;2
57576741;11;14;6.75;1;5756412;;55026;2016;1
57576745;8;25;6.1;2;5757071;;55026;2016;1
57586398;16;18;5.8;1;5756412;;55026;2016;2
57586399;4;38;7.85;2;5757071;;55026;2016;2
57576747;5;26;7.45;1;5757905;;55027;2016;1
57576748;10;14;6.6;2;5757583;;55027;2016;1
57586400;10;21;6.6;1;5755402;;55027;2016;2
57586401;8;34;6.75;2;5757583;;55027;2016;2
57580101;7;18;5.85;4;5757844;;55028;2016;1
57591449;6;17;5.4;2;5755963;;55028;2016;2
57576752;22;19;6.5;1;5756802;;55029;2016;1
57576753;20;38;6.4;2;5755051;;55029;2016;1
57590060;44;40;5.55;1;5755051;;55029;2016;2
57576566;68;30;5.8;1;5756386;;55031;2016;1
57576568;64;36;5.8;2;25889;;55031;2016;1
57576569;42;62;5.9;3;5757669;;55031;2016;1
57576571;86;22;5.2;4;5757928;;55031;2016;1
57576572;84;32;5.6;5;5755819;;55031;2016;1
57586202;70;76;5.55;1;5756386;;55031;2016;2
57586215;108;18;6.1;2;25889;;55031;2016;2
57576756;5;14;6.4;1;5756799;;55036;2016;1
57586831;5;1;5.8;1;5756799;;55036;2016;2
57586833;2;10;8.7;1;5757619;;55038;2016;2
57576757;2;1;8.7;1;5757619;;55039;2016;1
57586832;1;3;7.7;1;5756799;;55040;2016;2
57586836;2;0;8.7;1;5756871;;55041;2016;2
57576759;2;8;7.35;1;5757618;;55043;2016;1
57586837;0;1;5.1;1;5757619;;55044;2016;2
57576788;1;11;8.5;1;5758023;;55055;2016;1
57587411;3;17;9.5;1;5757088;;55056;2016;2
57587436;3;12;7.9;1;5757088;;55057;2016;2
57587418;7;33;6.7;1;5756386;;55060;2016;2
57576574;6;48;6.45;1;5757961;;55082;2016;1
57576582;2;53;6.5;2;5757961;;55082;2016;1
57576583;5;56;7.4;3;5757961;;55082;2016;1
57576585;14;42;7.65;5;5757961;;55082;2016;1
57579396;7;48;7.6;6;5757961;;55082;2016;1
57586231;4;5;8.2;1;5757042;;55082;2016;2
57586236;4;2;8.0;2;5757042;;55082;2016;2
57576780;1;12;6.35;1;5757620;;55083;2016;1
57587412;3;6;8.5;1;5755281;;55084;2016;2
57587438;4;5;6.5;1;5757042;;55085;2016;2
57576758;1;3;9.0;1;5755871;;55094;2016;1
57576775;0;4;6.9;1;5755871;;55095;2016;1
57586838;0;1;5.0;1;5752467;;55095;2016;2
57592702;0;1;10.0;IND;5756871;;55096;2016;2
57585054;9;22;8.0;1;5752447;;55325;2016;2
57575309;0;50;8.7;1;5755871;;55327;2016;1
57575312;0;25;8.7;1;5755871;;55328;2016;1
57582747;0;1;5.1;IND;5751828;;55369;2016;1
57586672;2;34;7.6;1;5758443;;55369;2016;2
57575300;0;3;6.3;1;24853;;55370;2016;1
57575303;1;15;8.1;1;5757975;;55371;2016;1
57586767;0;9;9.8;1;5755051;;55372;2016;2
57575737;0;8;5.85;1;5756386;;56268;2016;1
57586402;9;27;6.9;1;5757075;;56269;2016;2
57575090;0;1;7.5;1;5752299;;57487;2016;1
57575108;0;1;7.0;1;5753865;;57490;2016;1
57576611;0;1;6.0;4;5753020;;57587;2016;1
57585742;1;0;7.5;7;5757117;;57587;2016;2
57586007;1;0;7.0;4;5757117;;57589;2016;2
57586019;1;0;6.0;4;5756351;;57592;2016;2
57587111;3;0;7.5;02A;5752964;;57597;2016;2
57587123;0;2;5.9;04D;5752264;;57597;2016;2
57587446;2;0;6.0;01B;5752983;;57598;2016;2
57586125;0;1;5.3;4;5758580;;57604;2016;2
57585777;0;1;5.7;2;5758632;;57605;2016;2
57591552;0;1;5.5;6;5757747;;57606;2016;2
57576231;1;0;5.3;1;22809;;57788;2016;1
57577659;1;0;5.7;1;5757880;;59634;2016;1
57586350;0;1;8.4;1;5758407;;59634;2016;2
57590429;4;12;6.95;1;5757619;;59738;2016;2
57579346;1;0;8.4;1;5752961;;60727;2016;1
57576767;10;0;6.95;1;5756799;;61102;2016;1
57576791;1;9;9.5;1;5757071;;61109;2016;1
57576792;4;7;8.4;1;5755963;;61116;2016;1
57580099;8;16;7.65;3;5757438;;61129;2016;1
57579942;15;35;6.8;1;5757844;;61130;2016;1
57579367;2;22;7.2;1;5755819;;61132;2016;1
57581008;1;0;6.8;01A;5756674;;61366;2016;1
57585791;15;30;6.5;1;5756421;;62381;2016;2
57585792;2;12;7.2;1;5751853;;62382;2016;2
57589194;2;0;6.5;01A;5757593;;62826;2016;2
57589147;10;13;6.2;1;5755963;;62886;2016;2
57589148;18;10;6.25;1;5757844;;62887;2016;2
57589149;7;15;8.7;1;5757141;;62888;2016;2
57574059;0;1;7.2;1;5757099;;2022410;2016;1
57586681;7;5;7.3;1;5752467;;2022854;2016;2
57586685;8;5;6.4;1;5752467;;2022855;2016;2
57577589;1;0;7.2;1;15472;;2036854;2016;1
57577761;1;0;7.3;2;5757204;;2040154;2016;1
57590951;0;1;7.5;1;22933;;2040707;2016;2
57575229;1;0;7.2;1;25978;;2040950;2016;1
57586713;0;4;8.7;1;25978;;2040950;2016;2
57577798;0;2;8.0;1;5756828;;2041200;2016;1
57574818;0;1;6.7;2;22739;;2041501;2016;1
57574841;1;0;8.0;1;21450;;2041507;2016;1
57584287;2;3;6.0;1;21450;;2041507;2016;2
57584288;2;1;9.4;2;21450;;2041507;2016;2
57586097;1;0;8.0;1;22909;;2041651;2016;2
57576260;0;2;9.0;2;;116281059.0;2042152;2016;1
57577600;0;1;8.7;1;5753109;;2049651;2016;1
57574879;1;0;9.0;2;23149;;2049752;2016;1
57573486;1;0;9.0;6;5753081;;2051005;2016;1
57573488;1;0;8.7;8;5753081;;2051005;2016;1
57576607;2;6;6.5;9;5757166;;2051005;2016;1
57585695;0;1;7.6;1;5752289;;2051005;2016;2
57585698;0;2;6.3;2;5758644;;2051005;2016;2
57585705;1;2;6.4;7;5755040;;2051005;2016;2
57585707;1;2;8.65;8;5755040;;2051005;2016;2
57584610;0;0;6.3;1;5752810;;2052802;2016;2
57579347;2;37;7.6;2;5757975;;2054904;2016;1
57586625;7;7;7.2;1;5751828;;2054905;2016;2
57575237;3;11;6.4;1;5753044;;2054906;2016;1
57586621;7;24;6.6;1;5754320;;2054906;2016;2
57575238;5;13;6.1;1;5751871;;2054910;2016;1
57579348;3;21;7.9;2;5752241;;2054911;2016;1
57586629;5;28;8.3;1;22764;;2054912;2016;2
57586635;4;17;7.4;1;5755046;;2054913;2016;2
57575257;2;15;6.3;1;5753044;;2054914;2016;1
57579349;0;8;8.6;1;5752649;;2054915;2016;1
57586641;0;15;7.6;1;5752649;;2054915;2016;2
57586644;2;6;8.0;1;23809;;2054917;2016;2
57575259;3;6;6.4;1;5751828;;2054919;2016;1
57586670;0;2;9.0;1;35188;;2054920;2016;2
57586649;1;5;8.0;1;5752241;;2054921;2016;2
57575261;2;10;6.9;1;26012;;2054922;2016;1
57586663;2;29;8.2;1;5757090;;2054927;2016;2
57575262;1;3;8.8;1;22933;;2054928;2016;1
57575266;2;24;8.45;1;62353;;2054929;2016;1
57586664;4;5;6.8;1;23809;;2054930;2016;2
57579350;1;1;9.0;1;5754320;;2054952;2016;1
57586665;1;5;7.4;1;5753044;;2054953;2016;2
57586667;0;1;8.0;1;5753044;;2054954;2016;2
57596227;0;1;6.4;1;26026;;20033;2017;1
57596720;1;0;0.0;2;17913;;20033;2017;1
57597019;0;1;6.3;2;5757853;;20112;2017;1
57596666;0;1;8.5;1;5756592;;21705;2017;1
57596649;5;5;6.6;1;5755051;;21771;2017;1
57597046;3;13;7.0;1;25868;;21783;2017;1
57596658;0;8;8.3;1;24798;;21787;2017;1
57596655;3;23;7.7;1;5755408;;21790;2017;1
57596827;0;1;8.2;2;5756223;;22930;2017;1
57598305;0;1;5.0;2;24812;;23538;2017;1
57598306;1;5;6.7;3;24812;;23538;2017;1
57598308;1;1;5.0;5;5752556;;23538;2017;1
57593760;4;1;5.0;1;5758388;;23553;2017;1
57593761;0;2;7.9;2;5758575;;23553;2017;1
57593762;0;1;5.8;3;5752026;;23553;2017;1
57596650;3;18;7.5;1;18154;;23558;2017;1
57599455;1;0;0.0;1;24797;;24718;2017;1
57599234;0;1;8.3;3;5756452;;24803;2017;1
57596784;0;1;8.8;3;5758435;;24849;2017;1
57596313;0;1;7.7;1;5759185;;24882;2017;1
57596393;0;2;6.85;1;18845;;25025;2017;1
57596236;0;1;10.0;1;18306;;25046;2017;1
57593865;0;5;6.5;2;5753495;;25526;2017;1
57595846;0;1;7.6;2;5758802;;25536;2017;1
57596687;1;0;0.0;5;5758854;;25561;2017;1
57598298;0;2;7.8;5;5758871;;25693;2017;1
57596682;1;18;8.1;1;5752241;;25764;2017;1
57595803;0;1;8.4;1;34348;;26662;2017;1
57595819;0;1;8.2;1;5752155;;26664;2017;1
57595858;0;2;9.1;1;18306;;26677;2017;1
57597322;0;4;8.5;2;18414;;26687;2017;1
57599365;0;1;8.1;3;20790;;26687;2017;1
57596391;0;1;10.0;1;17227;;26688;2017;1
57596664;0;1;10.0;1;22933;;26930;2017;1
57596726;0;1;7.5;1;5755059;;27953;2017;1
57594190;0;3;9.0;2;5753605;;42047;2017;1
57594183;0;1;10.0;2;5757890;;42066;2017;1
57596672;5;32;6.4;1;5751828;;42158;2017;1
57596673;5;32;6.4;1;5751828;;42159;2017;1
57597636;0;1;8.8;6;5753547;;46189;2017;1
57597973;0;1;9.6;6;5757397;;46256;2017;1
57598242;0;1;8.5;2;18708;;46353;2017;1
57597503;0;1;8.8;2;5757681;;46387;2017;1
57599178;0;2;8.5;13;5758707;;46387;2017;1
57601193;0;1;7.5;01C;5757997;;46636;2017;1
57596355;0;1;6.5;2;18674;;46951;2017;1
57598325;1;1;6.5;1;5752182;;48470;2017;1
57600947;5;9;6.3;2;5754955;;51457;2017;1
57597569;24;15;6.3;1;5756803;;52651;2017;1
57597571;7;10;6.15;2;5755047;;52651;2017;1
57597572;31;9;5.7;3;5757844;;52651;2017;1
57597573;44;28;6.45;4;5757583;;52651;2017;1
57597576;24;15;6.3;1;5756803;;52652;2017;1
57597577;11;9;5.8;2;5755047;;52652;2017;1
57597579;28;10;6.55;3;5757844;;52652;2017;1
57597580;17;13;6.4;4;5757583;;52652;2017;1
57597581;36;10;5.8;1;5755872;;52662;2017;1
57597582;30;19;5.3;2;5757540;;52662;2017;1
57597583;25;11;5.7;3;5757540;;52662;2017;1
57597912;6;15;5.9;1;24853;;52664;2017;1
57597913;22;17;5.7;2;5756813;;52664;2017;1
57597595;28;13;7.2;1;5755872;;52665;2017;1
57600133;10;15;5.8;4;5759154;;52665;2017;1
57600134;42;14;6.25;5;5755872;;52665;2017;1
57598002;0;10;7.65;1;5757883;;52684;2017;1
57597999;5;25;8.1;1;5757969;;52685;2017;1
57598020;1;39;7.5;1;5757969;;52686;2017;1
57598066;18;17;6.9;1;5755274;;52693;2017;1
57598069;3;25;8.1;1;5755281;;52694;2017;1
57598070;7;28;8.1;1;5755274;;52699;2017;1
57598004;2;18;6.8;1;5755108;;52791;2017;1
57597996;4;5;7.0;1;5755402;;52792;2017;1
57598017;1;3;6.5;1;5754613;;52796;2017;1
57597060;5;13;6.0;1;25868;;52813;2017;1
57596651;16;15;5.8;1;23713;;52866;2017;1
57596670;3;39;7.9;1;22764;;52867;2017;1
57596652;10;12;6.35;1;5757768;;52972;2017;1
57596662;3;6;7.4;1;5755388;;52973;2017;1
57596656;2;20;6.3;1;5757768;;52975;2017;1
57596659;0;1;9.7;1;35188;;52990;2017;1
57594188;0;1;9.4;2;5757966;;54503;2017;1
57597067;6;48;7.2;1;5758730;;55019;2017;1
57597068;0;54;7.2;2;5755939;;55019;2017;1
57597074;9;45;6.8;4;5755939;;55019;2017;1
57597076;6;46;6.9;5;5758730;;55019;2017;1
57597094;15;36;6.6;6;5758730;;55019;2017;1
57597109;8;25;7.8;1;5757075;;55020;2017;1
57597110;4;33;7.5;2;5757075;;55020;2017;1
57597111;10;29;7.2;3;5757075;;55020;2017;1
57597112;3;36;7.15;4;5757075;;55020;2017;1
57597113;18;24;6.1;5;5757075;;55020;2017;1
57597584;21;38;6.05;1;5755939;;55021;2017;1
57600128;9;16;6.9;3;5758730;;55021;2017;1
57597592;55;6;5.85;1;5755388;;55022;2017;1
57600129;46;18;5.25;4;5757669;;55022;2017;1
57600130;42;22;6.05;5;5756813;;55022;2017;1
57597598;19;12;6.5;1;62353;;55023;2017;1
57597708;15;24;7.75;2;5757905;;55023;2017;1
57597710;17;10;6.1;4;5757883;;55023;2017;1
57600131;15;3;7.1;5;5758815;;55023;2017;1
57597718;19;13;7.7;1;62353;;55024;2017;1
57597719;62;22;7.0;2;5758443;;55024;2017;1
57597731;17;14;6.6;4;5757975;;55024;2017;1
57600132;16;14;7.05;5;5758815;;55024;2017;1
57597922;38;8;5.65;1;5757958;;55025;2017;1
57597928;45;6;5.6;2;5757958;;55025;2017;1
57597936;15;5;5.8;1;5756412;;55026;2017;1
57597941;7;35;7.0;2;5757071;;55026;2017;1
57597942;5;19;6.4;1;5755402;;55027;2017;1
57597962;11;24;5.75;2;5755108;;55027;2017;1
57600756;10;19;6.2;2;5755963;;55028;2017;1
57597963;12;34;6.15;1;5756802;;55029;2017;1
57597965;17;22;5.95;2;5756806;;55029;2017;1
57597051;58;62;5.5;1;5757585;;55031;2017;1
57597055;28;98;6.4;2;5756816;;55031;2017;1
57597057;80;38;5.2;3;5756386;;55031;2017;1
57597058;18;94;6.3;4;5758787;;55031;2017;1
57597062;88;50;6.1;5;5757583;;55031;2017;1
57597981;0;4;8.25;1;5756799;;55036;2017;1
57597987;1;4;9.3;1;5758811;;55037;2017;1
57597983;2;8;6.85;1;5757619;;55039;2017;1
57597992;0;14;8.8;1;5756799;;55043;2017;1
57598072;5;24;7.9;1;5757088;;55055;2017;1
57598079;3;39;7.5;1;5756386;;55059;2017;1
57597117;17;40;7.65;1;5757620;;55082;2017;1
57597123;2;57;6.8;2;5757042;;55082;2017;1
57597125;6;47;7.7;3;5757042;;55082;2017;1
57597126;13;47;9.4;4;5755281;;55082;2017;1
57597128;3;48;9.3;5;5755281;;55082;2017;1
57598061;7;29;7.3;1;5757620;;55083;2017;1
57598073;5;24;8.55;1;5757088;;55085;2017;1
57597990;0;5;10.0;1;5755871;;55094;2017;1
57595841;22;12;7.9;1;5752299;;55325;2017;1
57596653;0;19;7.8;1;5752467;;55327;2017;1
57596654;0;19;8.8;1;5755871;;55328;2017;1
57596657;0;21;6.7;1;5758443;;55369;2017;1
57596660;0;5;8.4;1;5755047;;55370;2017;1
57597049;0;32;7.5;1;5754613;;55371;2017;1
57594233;12;24;5.8;1;23677;;55939;2017;1
57599669;0;2;8.4;1;5757614;;56359;2017;1
57598345;1;0;5.8;1;5754618;;57498;2017;1
57595031;1;0;8.4;7;5758715;;57586;2017;1
57598650;1;0;8.4;5;5757983;;57591;2017;1
57599009;0;1;9.3;6;5758632;;57605;2017;1
57595139;2;0;8.4;5;2298976;;57623;2017;1
57598331;1;0;9.3;01A;5752650;;57810;2017;1
57598332;4;0;8.4;1;5752840;;59633;2017;1
57596322;0;5;7.8;1;5759185;;59634;2017;1
57597971;7;25;8.7;1;5755871;;59735;2017;1
57594885;0;1;5.8;1;18934;;60044;2017;1
57595528;0;2;9.8;1;5753852;;60880;2017;1
57600779;3;7;6.2;2;5755963;;61117;2017;1
57598074;7;20;7.45;1;5757438;;61129;2017;1
57598075;13;28;6.8;1;5757844;;61130;2017;1
57598078;0;44;8.1;1;5755819;;61132;2017;1
57599183;0;1;6.4;1;60773;;62605;2017;1
57600790;0;4;8.5;2;5756799;;63932;2017;1
57600792;2;8;7.0;2;5757619;;63933;2017;1
57600774;3;23;8.2;2;5757141;;63934;2017;1
57600757;3;4;6.85;1;5757958;;63935;2017;1
57600773;3;1;5.0;2;5757486;;63937;2017;1
57596647;5;17;8.5;1;5752481;;2022854;2017;1
57596648;5;17;9.3;1;5752481;;2022855;2017;1
57600811;0;1;9.6;1;5758763;;2036857;2017;1
57600801;0;1;9.0;1;5758544;;2036872;2017;1
57598281;0;1;7.8;1;5758386;;2040368;2017;1
57598705;0;1;6.8;1;5758385;;2040380;2017;1
57596918;3;5;8.7;1;5759221;;2041507;2017;1
57597092;2;7;9.8;2;5757130;;2041507;2017;1
57597047;2;0;6.8;2;5756421;;2049151;2017;1
57595042;1;4;7.3;7;5757983;;2051005;2017;1
57595044;6;0;6.8;8;5754327;;2051005;2017;1
57598864;1;1;6.0;6;5757919;;2051005;2017;1
57601232;1;1;6.2;9;5755052;;2051005;2017;1
57596668;4;33;7.5;1;5758443;;2054904;2017;1
57596679;4;20;6.4;1;5753044;;2054906;2017;1
57596671;3;21;7.4;1;5751871;;2054910;2017;1
57596669;4;28;7.9;1;5752649;;2054911;2017;1
57596677;0;10;8.15;1;5755046;;2054913;2017;1
57596674;3;15;8.1;1;26012;;2054914;2017;1
57596675;1;6;6.25;1;5751828;;2054919;2017;1
57596678;0;11;8.5;1;5752241;;2054921;2017;1
57596676;1;18;7.0;1;26012;;2054922;2017;1
57596685;1;2;6.9;1;5751871;;2054925;2017;1
57596667;2;15;7.3;1;22933;;2054928;2017;1
57596681;6;4;7.95;1;5754320;;2054954;2017;1
57597054;1;4;8.3;1;5752649;;2054955;2017;1
